model,fold,n_test,positive_test,predicted_positive,true_positive,true_negative,false_positive,false_negative,balanced_accuracy,precision_positive,recall_positive,f1_positive,mcc,roc_auc,pr_auc
Dummy-prior,0,1364,44,0,0,1320,0,44,0.5,0.0,0.0,0.0,0.0,0.5,0.03225806451612903
Dummy-prior,1,1364,44,0,0,1320,0,44,0.5,0.0,0.0,0.0,0.0,0.5,0.03225806451612903
Dummy-prior,2,1364,44,0,0,1320,0,44,0.5,0.0,0.0,0.0,0.0,0.5,0.03225806451612903
Dummy-prior,3,1364,44,0,0,1320,0,44,0.5,0.0,0.0,0.0,0.0,0.5,0.03225806451612903
Dummy-prior,4,1363,44,0,0,1319,0,44,0.5,0.0,0.0,0.0,0.0,0.5,0.032281731474688186
Logistic-balanced,0,1364,44,215,35,1140,180,9,0.8295454545454546,0.16279069767441862,0.7954545454545454,0.2702702702702703,0.31957984439661163,0.9225723140495867,0.2954910951813787
Logistic-balanced,1,1364,44,211,34,1143,177,10,0.8193181818181818,0.16113744075829384,0.7727272727272727,0.26666666666666666,0.3120405724567023,0.8640237603305784,0.32790037455278265
Logistic-balanced,2,1364,44,199,37,1158,162,7,0.8590909090909091,0.18592964824120603,0.8409090909090909,0.3045267489711934,0.3594663228563762,0.9135674931129477,0.4021495102534052
Logistic-balanced,3,1364,44,167,31,1184,136,13,0.8007575757575758,0.18562874251497005,0.7045454545454546,0.2938388625592417,0.3242310212996731,0.8438705234159779,0.28108140794965025
Logistic-balanced,4,1363,44,224,39,1134,185,5,0.8730529326624854,0.17410714285714285,0.8863636363636364,0.291044776119403,0.3558470082677837,0.9222034599214282,0.45584381205565777
SVM-RBF-balanced,0,1364,44,161,29,1188,132,15,0.7795454545454545,0.18012422360248448,0.6590909090909091,0.28292682926829266,0.3061610811001748,0.9201618457300276,0.3050531515743843
SVM-RBF-balanced,1,1364,44,161,31,1190,130,13,0.803030303030303,0.19254658385093168,0.7045454545454546,0.3024390243902439,0.3318819307318968,0.9173123278236915,0.3117245469827042
SVM-RBF-balanced,2,1364,44,163,29,1186,134,15,0.7787878787878788,0.17791411042944785,0.6590909090909091,0.28019323671497587,0.30370495745244297,0.9220213498622589,0.37542058591776983
SVM-RBF-balanced,3,1364,44,127,24,1217,103,20,0.7337121212121211,0.1889763779527559,0.5454545454545454,0.2807017543859649,0.2842089998947782,0.8852358815426997,0.2910723955309921
SVM-RBF-balanced,4,1363,44,187,35,1167,152,9,0.8401078640843613,0.18716577540106952,0.7954545454545454,0.30303030303030304,0.3494386521110193,0.9249086773726652,0.3534460644370607
RandomForest-balanced,0,1364,44,13,6,1313,7,38,0.565530303030303,0.46153846153846156,0.13636363636363635,0.21052631578947367,0.23833406761850842,0.9302427685950413,0.3593480469515301
RandomForest-balanced,1,1364,44,6,4,1318,2,40,0.5446969696969697,0.6666666666666666,0.09090909090909091,0.16,0.23866892103931414,0.9554063360881542,0.4424578271658328
RandomForest-balanced,2,1364,44,8,6,1318,2,38,0.5674242424242424,0.75,0.13636363636363635,0.23076923076923078,0.31202151175115617,0.9462207300275481,0.48290598767171666
RandomForest-balanced,3,1364,44,8,5,1317,3,39,0.5556818181818182,0.625,0.11363636363636363,0.19230769230769232,0.25768068667089866,0.9136966253443526,0.4471819020195157
RandomForest-balanced,4,1363,44,20,11,1310,9,33,0.6215883244882487,0.55,0.25,0.34375,0.3574518929983311,0.9624026466331242,0.4178258027854268
