model,fold,n_test,positive_test,predicted_positive,balanced_accuracy,precision_positive,recall_positive,f1_positive,mcc,elapsed_seconds
"FPFS-kNN(k=3,Pearson)",0,1364,44,23,0.5852272727272727,0.34782608695652173,0.18181818181818182,0.23880597014925373,0.23390719654941625,10.182945007999933
"FPFS-kNN(k=3,Pearson)",1,1364,44,20,0.6098484848484849,0.5,0.22727272727272727,0.3125,0.32294066731084614,10.020910204999836
"FPFS-kNN(k=3,Pearson)",2,1364,44,21,0.609469696969697,0.47619047619047616,0.22727272727272727,0.3076923076923077,0.31418797683876154,10.402465074000247
"FPFS-kNN(k=3,Pearson)",3,1364,44,21,0.6329545454545454,0.5714285714285714,0.2727272727272727,0.36923076923076925,0.38159162584915324,10.600437982999665
"FPFS-kNN(k=3,Pearson)",4,1363,44,23,0.585222965056172,0.34782608695652173,0.18181818181818182,0.23880597014925373,0.23389398563786012,10.456586428000264
"IFPIFS-HC(lambda1=5,lambda2=0.5)",0,1364,44,30,0.5708333333333333,0.23333333333333334,0.1590909090909091,0.1891891891891892,0.170664203036941,1.8333339760001763
"IFPIFS-HC(lambda1=5,lambda2=0.5)",1,1364,44,36,0.615530303030303,0.3055555555555556,0.25,0.275,0.2546765301011893,1.5801293940003234
"IFPIFS-HC(lambda1=5,lambda2=0.5)",2,1364,44,27,0.6306818181818181,0.4444444444444444,0.2727272727272727,0.3380281690140845,0.33152087653944845,1.591668681000101
"IFPIFS-HC(lambda1=5,lambda2=0.5)",3,1364,44,36,0.6507575757575758,0.3888888888888889,0.3181818181818182,0.35,0.3323319966566339,1.5448594409999714
"IFPIFS-HC(lambda1=5,lambda2=0.5)",4,1363,44,28,0.6068130126128609,0.35714285714285715,0.22727272727272727,0.2777777777777778,0.26618479707610826,1.5357847469999797
"PFS-kNN(k=3,lambda=0.5,p=5)",0,1364,44,12,0.5659090909090909,0.5,0.13636363636363635,0.21428571428571427,0.2494075821057458,48.99027709599977
"PFS-kNN(k=3,lambda=0.5,p=5)",1,1364,44,10,0.5431818181818182,0.4,0.09090909090909091,0.14814814814814814,0.17886892290306391,47.69999802400025
"PFS-kNN(k=3,lambda=0.5,p=5)",2,1364,44,14,0.5534090909090909,0.35714285714285715,0.11363636363636363,0.1724137931034483,0.18725248212905501,47.22910785499971
"PFS-kNN(k=3,lambda=0.5,p=5)",3,1364,44,8,0.543939393939394,0.5,0.09090909090909091,0.15384615384615385,0.2033398615906411,47.622652147999815
"PFS-kNN(k=3,lambda=0.5,p=5)",4,1363,44,11,0.5428010200565166,0.36363636363636365,0.09090909090909091,0.14545454545454545,0.1691017736438195,33.716874181000094
